Wall time,Step,Value
1574694505.480155,0,39.900001525878906
1574694505.828325,1,82.0
1574694506.5948749,2,131.39999389648438
1574694507.4300401,3,151.89999389648438
1574694508.3562999,4,170.1999969482422
1574694509.6525216,5,184.0
1574694510.800596,6,187.5
1574694512.090277,7,186.60000610351562
1574694513.3753638,8,191.5
1574694514.9281025,9,199.5
