Wall time,Step,Value
1574694505.4802186,0,32.968013763427734
1574694505.828594,1,33.14211654663086
1574694506.5951414,2,15.944905281066895
1574694507.4303079,3,19.454818725585938
1574694508.3565555,4,32.458587646484375
1574694509.6527908,5,14.092551231384277
1574694510.8008647,6,16.865646362304688
1574694512.0905445,7,15.409088134765625
1574694513.375631,8,11.67261791229248
1574694514.928356,9,1.2041594982147217
